"product_id";"type";"uuid";"train_dir";"file_name";"regidate";"ip"
1;"º¿«√";"57e75a99-7959-4e6c-b652-0a89aa20633c";"train";"20220803-150449-1.jpg";"2022-08-03 15:09:21";"100.30.0.10"
1;"º¿«√";"57e75a99-7959-4e6c-b652-0a89aa20633c";"train";"20220803-150456-2.jpg";"2022-08-03 15:09:21";"100.30.0.10"
1;"º¿«√";"57e75a99-7959-4e6c-b652-0a89aa20633c";"train";"20220803-150503-3.jpg";"2022-08-03 15:09:21";"100.30.0.10"
1;"º¿«√";"57e75a99-7959-4e6c-b652-0a89aa20633c";"train";"20220803-150510-4.jpg";"2022-08-03 15:09:21";"100.30.0.10"
1;"º¿«√";"57e75a99-7959-4e6c-b652-0a89aa20633c";"train";"20220803-150516-5.jpg";"2022-08-03 15:09:21";"100.30.0.10"
1;"º¿«√";"57e75a99-7959-4e6c-b652-0a89aa20633c";"train";"20220803-150523-6.jpg";"2022-08-03 15:09:21";"100.30.0.10"
1;"º¿«√";"57e75a99-7959-4e6c-b652-0a89aa20633c";"train";"20220803-150530-7.jpg";"2022-08-03 15:09:21";"100.30.0.10"
1;"º¿«√";"57e75a99-7959-4e6c-b652-0a89aa20633c";"train";"20220803-150537-8.jpg";"2022-08-03 15:09:21";"100.30.0.10"
1;"º¿«√";"57e75a99-7959-4e6c-b652-0a89aa20633c";"train";"20220803-150550-9.jpg";"2022-08-03 15:09:21";"100.30.0.10"
1;"º¿«√";"57e75a99-7959-4e6c-b652-0a89aa20633c";"train";"20220803-150612-10.jpg";"2022-08-03 15:09:21";"100.30.0.10"
1;"º¿«√";"57e75a99-7959-4e6c-b652-0a89aa20633c";"train";"20220803-150631-11.jpg";"2022-08-03 15:09:21";"100.30.0.10"
1;"º¿«√";"57e75a99-7959-4e6c-b652-0a89aa20633c";"train";"20220803-150638-12.jpg";"2022-08-03 15:09:21";"100.30.0.10"
1;"º¿«√";"57e75a99-7959-4e6c-b652-0a89aa20633c";"train";"20220803-150644-13.jpg";"2022-08-03 15:09:21";"100.30.0.10"
1;"º¿«√";"57e75a99-7959-4e6c-b652-0a89aa20633c";"train";"20220803-150649-14.jpg";"2022-08-03 15:09:21";"100.30.0.10"
1;"º¿«√";"57e75a99-7959-4e6c-b652-0a89aa20633c";"train";"20220803-150655-15.jpg";"2022-08-03 15:09:21";"100.30.0.10"
1;"º¿«√";"57e75a99-7959-4e6c-b652-0a89aa20633c";"train";"20220803-150709-16.jpg";"2022-08-03 15:09:21";"100.30.0.10"
1;"º¿«√";"57e75a99-7959-4e6c-b652-0a89aa20633c";"train";"20220803-150720-17.jpg";"2022-08-03 15:09:21";"100.30.0.10"
1;"º¿«√";"57e75a99-7959-4e6c-b652-0a89aa20633c";"train";"20220803-150730-18.jpg";"2022-08-03 15:09:21";"100.30.0.10"
1;"º¿«√";"57e75a99-7959-4e6c-b652-0a89aa20633c";"train";"20220803-150742-19.jpg";"2022-08-03 15:09:21";"100.30.0.10"
1;"º¿«√";"57e75a99-7959-4e6c-b652-0a89aa20633c";"train";"20220803-150757-20.jpg";"2022-08-03 15:09:21";"100.30.0.10"
1;"º¿«√";"57e75a99-7959-4e6c-b652-0a89aa20633c";"train";"20220803-150805-21.jpg";"2022-08-03 15:09:21";"100.30.0.10"
1;"º¿«√";"57e75a99-7959-4e6c-b652-0a89aa20633c";"train";"20220803-150814-22.jpg";"2022-08-03 15:09:21";"100.30.0.10"
1;"º¿«√";"57e75a99-7959-4e6c-b652-0a89aa20633c";"train";"20220803-150824-23.jpg";"2022-08-03 15:09:21";"100.30.0.10"
1;"º¿«√";"57e75a99-7959-4e6c-b652-0a89aa20633c";"train";"20220803-150833-24.jpg";"2022-08-03 15:09:21";"100.30.0.10"
1;"º¿«√";"57e75a99-7959-4e6c-b652-0a89aa20633c";"train";"20220803-150844-25.jpg";"2022-08-03 15:09:21";"100.30.0.10"
1;"º¿«√";"57e75a99-7959-4e6c-b652-0a89aa20633c";"train";"20220803-150901-26.jpg";"2022-08-03 15:09:21";"100.30.0.10"
1;"º¿«√";"57e75a99-7959-4e6c-b652-0a89aa20633c";"train";"20220803-150906-27.jpg";"2022-08-03 15:09:21";"100.30.0.10"
1;"º¿«√";"57e75a99-7959-4e6c-b652-0a89aa20633c";"train";"20220803-150907-28.jpg";"2022-08-03 15:09:21";"100.30.0.10"
1;"º¿«√";"57e75a99-7959-4e6c-b652-0a89aa20633c";"train";"20220803-150911-29.jpg";"2022-08-03 15:09:21";"100.30.0.10"
1;"º¿«√";"57e75a99-7959-4e6c-b652-0a89aa20633c";"train";"20220803-150917-30.jpg";"2022-08-03 15:09:21";"100.30.0.10"
2;"º¿«√";"1dc1cd75-68a1-4282-aed8-0d00479d0a36";"train";"20220803-151441-1.jpg";"2022-08-03 15:18:27";"100.30.0.10"
2;"º¿«√";"1dc1cd75-68a1-4282-aed8-0d00479d0a36";"train";"20220803-151444-2.jpg";"2022-08-03 15:18:27";"100.30.0.10"
2;"º¿«√";"1dc1cd75-68a1-4282-aed8-0d00479d0a36";"train";"20220803-151447-3.jpg";"2022-08-03 15:18:27";"100.30.0.10"
2;"º¿«√";"1dc1cd75-68a1-4282-aed8-0d00479d0a36";"train";"20220803-151451-4.jpg";"2022-08-03 15:18:27";"100.30.0.10"
2;"º¿«√";"1dc1cd75-68a1-4282-aed8-0d00479d0a36";"train";"20220803-151507-5.jpg";"2022-08-03 15:18:27";"100.30.0.10"
2;"º¿«√";"1dc1cd75-68a1-4282-aed8-0d00479d0a36";"train";"20220803-151510-6.jpg";"2022-08-03 15:18:27";"100.30.0.10"
2;"º¿«√";"1dc1cd75-68a1-4282-aed8-0d00479d0a36";"train";"20220803-151513-7.jpg";"2022-08-03 15:18:27";"100.30.0.10"
2;"º¿«√";"1dc1cd75-68a1-4282-aed8-0d00479d0a36";"train";"20220803-151515-8.jpg";"2022-08-03 15:18:27";"100.30.0.10"
2;"º¿«√";"1dc1cd75-68a1-4282-aed8-0d00479d0a36";"train";"20220803-151524-9.jpg";"2022-08-03 15:18:27";"100.30.0.10"
2;"º¿«√";"1dc1cd75-68a1-4282-aed8-0d00479d0a36";"train";"20220803-151534-10.jpg";"2022-08-03 15:18:27";"100.30.0.10"
2;"º¿«√";"1dc1cd75-68a1-4282-aed8-0d00479d0a36";"train";"20220803-151544-11.jpg";"2022-08-03 15:18:27";"100.30.0.10"
2;"º¿«√";"1dc1cd75-68a1-4282-aed8-0d00479d0a36";"train";"20220803-151603-12.jpg";"2022-08-03 15:18:27";"100.30.0.10"
2;"º¿«√";"1dc1cd75-68a1-4282-aed8-0d00479d0a36";"train";"20220803-151642-13.jpg";"2022-08-03 15:18:27";"100.30.0.10"
2;"º¿«√";"1dc1cd75-68a1-4282-aed8-0d00479d0a36";"train";"20220803-151649-14.jpg";"2022-08-03 15:18:27";"100.30.0.10"
2;"º¿«√";"1dc1cd75-68a1-4282-aed8-0d00479d0a36";"train";"20220803-151654-15.jpg";"2022-08-03 15:18:27";"100.30.0.10"
2;"º¿«√";"1dc1cd75-68a1-4282-aed8-0d00479d0a36";"train";"20220803-151659-16.jpg";"2022-08-03 15:18:27";"100.30.0.10"
2;"º¿«√";"1dc1cd75-68a1-4282-aed8-0d00479d0a36";"train";"20220803-151706-17.jpg";"2022-08-03 15:18:27";"100.30.0.10"
2;"º¿«√";"1dc1cd75-68a1-4282-aed8-0d00479d0a36";"train";"20220803-151715-18.jpg";"2022-08-03 15:18:27";"100.30.0.10"
2;"º¿«√";"1dc1cd75-68a1-4282-aed8-0d00479d0a36";"train";"20220803-151722-19.jpg";"2022-08-03 15:18:27";"100.30.0.10"
2;"º¿«√";"1dc1cd75-68a1-4282-aed8-0d00479d0a36";"train";"20220803-151729-20.jpg";"2022-08-03 15:18:27";"100.30.0.10"
2;"º¿«√";"1dc1cd75-68a1-4282-aed8-0d00479d0a36";"train";"20220803-151734-21.jpg";"2022-08-03 15:18:27";"100.30.0.10"
2;"º¿«√";"1dc1cd75-68a1-4282-aed8-0d00479d0a36";"train";"20220803-151738-22.jpg";"2022-08-03 15:18:27";"100.30.0.10"
2;"º¿«√";"1dc1cd75-68a1-4282-aed8-0d00479d0a36";"train";"20220803-151741-23.jpg";"2022-08-03 15:18:27";"100.30.0.10"
2;"º¿«√";"1dc1cd75-68a1-4282-aed8-0d00479d0a36";"train";"20220803-151749-24.jpg";"2022-08-03 15:18:27";"100.30.0.10"
2;"º¿«√";"1dc1cd75-68a1-4282-aed8-0d00479d0a36";"train";"20220803-151754-25.jpg";"2022-08-03 15:18:27";"100.30.0.10"
2;"º¿«√";"1dc1cd75-68a1-4282-aed8-0d00479d0a36";"train";"20220803-151757-26.jpg";"2022-08-03 15:18:27";"100.30.0.10"
2;"º¿«√";"1dc1cd75-68a1-4282-aed8-0d00479d0a36";"train";"20220803-151808-27.jpg";"2022-08-03 15:18:27";"100.30.0.10"
2;"º¿«√";"1dc1cd75-68a1-4282-aed8-0d00479d0a36";"train";"20220803-151813-28.jpg";"2022-08-03 15:18:27";"100.30.0.10"
2;"º¿«√";"1dc1cd75-68a1-4282-aed8-0d00479d0a36";"train";"20220803-151817-29.jpg";"2022-08-03 15:18:27";"100.30.0.10"
2;"º¿«√";"1dc1cd75-68a1-4282-aed8-0d00479d0a36";"train";"20220803-151823-30.jpg";"2022-08-03 15:18:27";"100.30.0.10"
3;"º¿«√";"876b1066-3a94-4f13-b57b-5fb369c91793";"train";"20220803-152221-2.jpg";"2022-08-03 15:26:30";"100.30.0.10"
3;"º¿«√";"876b1066-3a94-4f13-b57b-5fb369c91793";"train";"20220803-152230-3.jpg";"2022-08-03 15:26:30";"100.30.0.10"
3;"º¿«√";"876b1066-3a94-4f13-b57b-5fb369c91793";"train";"20220803-152236-4.jpg";"2022-08-03 15:26:30";"100.30.0.10"
3;"º¿«√";"876b1066-3a94-4f13-b57b-5fb369c91793";"train";"20220803-152241-5.jpg";"2022-08-03 15:26:30";"100.30.0.10"
3;"º¿«√";"876b1066-3a94-4f13-b57b-5fb369c91793";"train";"20220803-152246-6.jpg";"2022-08-03 15:26:30";"100.30.0.10"
3;"º¿«√";"876b1066-3a94-4f13-b57b-5fb369c91793";"train";"20220803-152251-7.jpg";"2022-08-03 15:26:30";"100.30.0.10"
3;"º¿«√";"876b1066-3a94-4f13-b57b-5fb369c91793";"train";"20220803-152256-8.jpg";"2022-08-03 15:26:30";"100.30.0.10"
3;"º¿«√";"876b1066-3a94-4f13-b57b-5fb369c91793";"train";"20220803-152301-9.jpg";"2022-08-03 15:26:30";"100.30.0.10"
3;"º¿«√";"876b1066-3a94-4f13-b57b-5fb369c91793";"train";"20220803-152307-10.jpg";"2022-08-03 15:26:30";"100.30.0.10"
3;"º¿«√";"876b1066-3a94-4f13-b57b-5fb369c91793";"train";"20220803-152313-11.jpg";"2022-08-03 15:26:30";"100.30.0.10"
3;"º¿«√";"876b1066-3a94-4f13-b57b-5fb369c91793";"train";"20220803-152321-12.jpg";"2022-08-03 15:26:30";"100.30.0.10"
3;"º¿«√";"876b1066-3a94-4f13-b57b-5fb369c91793";"train";"20220803-152327-13.jpg";"2022-08-03 15:26:30";"100.30.0.10"
3;"º¿«√";"876b1066-3a94-4f13-b57b-5fb369c91793";"train";"20220803-152332-14.jpg";"2022-08-03 15:26:30";"100.30.0.10"
3;"º¿«√";"876b1066-3a94-4f13-b57b-5fb369c91793";"train";"20220803-152339-15.jpg";"2022-08-03 15:26:30";"100.30.0.10"
3;"º¿«√";"876b1066-3a94-4f13-b57b-5fb369c91793";"train";"20220803-152346-16.jpg";"2022-08-03 15:26:30";"100.30.0.10"
3;"º¿«√";"876b1066-3a94-4f13-b57b-5fb369c91793";"train";"20220803-152402-17.jpg";"2022-08-03 15:26:30";"100.30.0.10"
3;"º¿«√";"876b1066-3a94-4f13-b57b-5fb369c91793";"train";"20220803-152408-18.jpg";"2022-08-03 15:26:30";"100.30.0.10"
3;"º¿«√";"876b1066-3a94-4f13-b57b-5fb369c91793";"train";"20220803-152416-19.jpg";"2022-08-03 15:26:30";"100.30.0.10"
3;"º¿«√";"876b1066-3a94-4f13-b57b-5fb369c91793";"train";"20220803-152438-20.jpg";"2022-08-03 15:26:30";"100.30.0.10"
3;"º¿«√";"876b1066-3a94-4f13-b57b-5fb369c91793";"train";"20220803-152501-21.jpg";"2022-08-03 15:26:30";"100.30.0.10"
3;"º¿«√";"876b1066-3a94-4f13-b57b-5fb369c91793";"train";"20220803-152508-22.jpg";"2022-08-03 15:26:30";"100.30.0.10"
3;"º¿«√";"876b1066-3a94-4f13-b57b-5fb369c91793";"train";"20220803-152516-23.jpg";"2022-08-03 15:26:30";"100.30.0.10"
3;"º¿«√";"876b1066-3a94-4f13-b57b-5fb369c91793";"train";"20220803-152528-24.jpg";"2022-08-03 15:26:30";"100.30.0.10"
3;"º¿«√";"876b1066-3a94-4f13-b57b-5fb369c91793";"train";"20220803-152540-25.jpg";"2022-08-03 15:26:30";"100.30.0.10"
3;"º¿«√";"876b1066-3a94-4f13-b57b-5fb369c91793";"train";"20220803-152548-26.jpg";"2022-08-03 15:26:30";"100.30.0.10"
3;"º¿«√";"876b1066-3a94-4f13-b57b-5fb369c91793";"train";"20220803-152559-27.jpg";"2022-08-03 15:26:30";"100.30.0.10"
3;"º¿«√";"876b1066-3a94-4f13-b57b-5fb369c91793";"train";"20220803-152608-28.jpg";"2022-08-03 15:26:30";"100.30.0.10"
3;"º¿«√";"876b1066-3a94-4f13-b57b-5fb369c91793";"train";"20220803-152616-29.jpg";"2022-08-03 15:26:30";"100.30.0.10"
3;"º¿«√";"876b1066-3a94-4f13-b57b-5fb369c91793";"train";"20220803-152624-30.jpg";"2022-08-03 15:26:30";"100.30.0.10"
3;"º¿«√";"876b1066-3a94-4f13-b57b-5fb369c91793";"train";"20220803-152941-1.jpg";"2022-08-03 15:31:18";"100.30.0.10"
4;"º¿«√";"f0ca2ce8-781d-47ca-a9d7-0a782435b2a7";"train";"20220803-153355-1.jpg";"2022-08-03 15:37:44";"100.30.0.10"
4;"º¿«√";"f0ca2ce8-781d-47ca-a9d7-0a782435b2a7";"train";"20220803-153401-2.jpg";"2022-08-03 15:37:44";"100.30.0.10"
4;"º¿«√";"f0ca2ce8-781d-47ca-a9d7-0a782435b2a7";"train";"20220803-153406-3.jpg";"2022-08-03 15:37:44";"100.30.0.10"
4;"º¿«√";"f0ca2ce8-781d-47ca-a9d7-0a782435b2a7";"train";"20220803-153411-4.jpg";"2022-08-03 15:37:44";"100.30.0.10"
4;"º¿«√";"f0ca2ce8-781d-47ca-a9d7-0a782435b2a7";"train";"20220803-153427-5.jpg";"2022-08-03 15:37:44";"100.30.0.10"
4;"º¿«√";"f0ca2ce8-781d-47ca-a9d7-0a782435b2a7";"train";"20220803-153434-6.jpg";"2022-08-03 15:37:44";"100.30.0.10"
4;"º¿«√";"f0ca2ce8-781d-47ca-a9d7-0a782435b2a7";"train";"20220803-153443-7.jpg";"2022-08-03 15:37:44";"100.30.0.10"
4;"º¿«√";"f0ca2ce8-781d-47ca-a9d7-0a782435b2a7";"train";"20220803-153448-8.jpg";"2022-08-03 15:37:44";"100.30.0.10"
4;"º¿«√";"f0ca2ce8-781d-47ca-a9d7-0a782435b2a7";"train";"20220803-153454-9.jpg";"2022-08-03 15:37:44";"100.30.0.10"
4;"º¿«√";"f0ca2ce8-781d-47ca-a9d7-0a782435b2a7";"train";"20220803-153458-10.jpg";"2022-08-03 15:37:44";"100.30.0.10"
4;"º¿«√";"f0ca2ce8-781d-47ca-a9d7-0a782435b2a7";"train";"20220803-153503-11.jpg";"2022-08-03 15:37:44";"100.30.0.10"
4;"º¿«√";"f0ca2ce8-781d-47ca-a9d7-0a782435b2a7";"train";"20220803-153508-12.jpg";"2022-08-03 15:37:44";"100.30.0.10"
4;"º¿«√";"f0ca2ce8-781d-47ca-a9d7-0a782435b2a7";"train";"20220803-153522-13.jpg";"2022-08-03 15:37:44";"100.30.0.10"
4;"º¿«√";"f0ca2ce8-781d-47ca-a9d7-0a782435b2a7";"train";"20220803-153543-14.jpg";"2022-08-03 15:37:44";"100.30.0.10"
4;"º¿«√";"f0ca2ce8-781d-47ca-a9d7-0a782435b2a7";"train";"20220803-153551-15.jpg";"2022-08-03 15:37:44";"100.30.0.10"
4;"º¿«√";"f0ca2ce8-781d-47ca-a9d7-0a782435b2a7";"train";"20220803-153559-16.jpg";"2022-08-03 15:37:44";"100.30.0.10"
4;"º¿«√";"f0ca2ce8-781d-47ca-a9d7-0a782435b2a7";"train";"20220803-153605-17.jpg";"2022-08-03 15:37:44";"100.30.0.10"
4;"º¿«√";"f0ca2ce8-781d-47ca-a9d7-0a782435b2a7";"train";"20220803-153614-18.jpg";"2022-08-03 15:37:44";"100.30.0.10"
4;"º¿«√";"f0ca2ce8-781d-47ca-a9d7-0a782435b2a7";"train";"20220803-153622-19.jpg";"2022-08-03 15:37:44";"100.30.0.10"
4;"º¿«√";"f0ca2ce8-781d-47ca-a9d7-0a782435b2a7";"train";"20220803-153627-20.jpg";"2022-08-03 15:37:44";"100.30.0.10"
4;"º¿«√";"f0ca2ce8-781d-47ca-a9d7-0a782435b2a7";"train";"20220803-153633-21.jpg";"2022-08-03 15:37:44";"100.30.0.10"
4;"º¿«√";"f0ca2ce8-781d-47ca-a9d7-0a782435b2a7";"train";"20220803-153639-22.jpg";"2022-08-03 15:37:44";"100.30.0.10"
4;"º¿«√";"f0ca2ce8-781d-47ca-a9d7-0a782435b2a7";"train";"20220803-153649-23.jpg";"2022-08-03 15:37:44";"100.30.0.10"
4;"º¿«√";"f0ca2ce8-781d-47ca-a9d7-0a782435b2a7";"train";"20220803-153654-24.jpg";"2022-08-03 15:37:44";"100.30.0.10"
4;"º¿«√";"f0ca2ce8-781d-47ca-a9d7-0a782435b2a7";"train";"20220803-153701-25.jpg";"2022-08-03 15:37:44";"100.30.0.10"
4;"º¿«√";"f0ca2ce8-781d-47ca-a9d7-0a782435b2a7";"train";"20220803-153706-26.jpg";"2022-08-03 15:37:44";"100.30.0.10"
4;"º¿«√";"f0ca2ce8-781d-47ca-a9d7-0a782435b2a7";"train";"20220803-153713-27.jpg";"2022-08-03 15:37:44";"100.30.0.10"
4;"º¿«√";"f0ca2ce8-781d-47ca-a9d7-0a782435b2a7";"train";"20220803-153725-28.jpg";"2022-08-03 15:37:44";"100.30.0.10"
4;"º¿«√";"f0ca2ce8-781d-47ca-a9d7-0a782435b2a7";"train";"20220803-153731-29.jpg";"2022-08-03 15:37:44";"100.30.0.10"
4;"º¿«√";"f0ca2ce8-781d-47ca-a9d7-0a782435b2a7";"train";"20220803-153736-30.jpg";"2022-08-03 15:37:44";"100.30.0.10"
5;"º¿«√";"ca2e3710-0e95-4931-a807-cad70781f2cb";"train";"20220803-153924-1.jpg";"2022-08-03 15:43:22";"100.30.0.10"
5;"º¿«√";"ca2e3710-0e95-4931-a807-cad70781f2cb";"train";"20220803-153929-2.jpg";"2022-08-03 15:43:22";"100.30.0.10"
5;"º¿«√";"ca2e3710-0e95-4931-a807-cad70781f2cb";"train";"20220803-153934-3.jpg";"2022-08-03 15:43:22";"100.30.0.10"
5;"º¿«√";"ca2e3710-0e95-4931-a807-cad70781f2cb";"train";"20220803-153939-4.jpg";"2022-08-03 15:43:22";"100.30.0.10"
5;"º¿«√";"ca2e3710-0e95-4931-a807-cad70781f2cb";"train";"20220803-153947-5.jpg";"2022-08-03 15:43:22";"100.30.0.10"
5;"º¿«√";"ca2e3710-0e95-4931-a807-cad70781f2cb";"train";"20220803-153952-6.jpg";"2022-08-03 15:43:22";"100.30.0.10"
5;"º¿«√";"ca2e3710-0e95-4931-a807-cad70781f2cb";"train";"20220803-153959-7.jpg";"2022-08-03 15:43:22";"100.30.0.10"
5;"º¿«√";"ca2e3710-0e95-4931-a807-cad70781f2cb";"train";"20220803-154005-8.jpg";"2022-08-03 15:43:22";"100.30.0.10"
5;"º¿«√";"ca2e3710-0e95-4931-a807-cad70781f2cb";"train";"20220803-154023-9.jpg";"2022-08-03 15:43:22";"100.30.0.10"
5;"º¿«√";"ca2e3710-0e95-4931-a807-cad70781f2cb";"train";"20220803-154032-10.jpg";"2022-08-03 15:43:22";"100.30.0.10"
5;"º¿«√";"ca2e3710-0e95-4931-a807-cad70781f2cb";"train";"20220803-154049-11.jpg";"2022-08-03 15:43:22";"100.30.0.10"
5;"º¿«√";"ca2e3710-0e95-4931-a807-cad70781f2cb";"train";"20220803-154054-12.jpg";"2022-08-03 15:43:22";"100.30.0.10"
5;"º¿«√";"ca2e3710-0e95-4931-a807-cad70781f2cb";"train";"20220803-154101-13.jpg";"2022-08-03 15:43:22";"100.30.0.10"
5;"º¿«√";"ca2e3710-0e95-4931-a807-cad70781f2cb";"train";"20220803-154106-14.jpg";"2022-08-03 15:43:22";"100.30.0.10"
5;"º¿«√";"ca2e3710-0e95-4931-a807-cad70781f2cb";"train";"20220803-154113-15.jpg";"2022-08-03 15:43:22";"100.30.0.10"
5;"º¿«√";"ca2e3710-0e95-4931-a807-cad70781f2cb";"train";"20220803-154119-16.jpg";"2022-08-03 15:43:22";"100.30.0.10"
5;"º¿«√";"ca2e3710-0e95-4931-a807-cad70781f2cb";"train";"20220803-154128-17.jpg";"2022-08-03 15:43:22";"100.30.0.10"
5;"º¿«√";"ca2e3710-0e95-4931-a807-cad70781f2cb";"train";"20220803-154136-18.jpg";"2022-08-03 15:43:22";"100.30.0.10"
5;"º¿«√";"ca2e3710-0e95-4931-a807-cad70781f2cb";"train";"20220803-154141-19.jpg";"2022-08-03 15:43:22";"100.30.0.10"
5;"º¿«√";"ca2e3710-0e95-4931-a807-cad70781f2cb";"train";"20220803-154157-20.jpg";"2022-08-03 15:43:22";"100.30.0.10"
5;"º¿«√";"ca2e3710-0e95-4931-a807-cad70781f2cb";"train";"20220803-154204-21.jpg";"2022-08-03 15:43:22";"100.30.0.10"
5;"º¿«√";"ca2e3710-0e95-4931-a807-cad70781f2cb";"train";"20220803-154218-22.jpg";"2022-08-03 15:43:22";"100.30.0.10"
5;"º¿«√";"ca2e3710-0e95-4931-a807-cad70781f2cb";"train";"20220803-154227-23.jpg";"2022-08-03 15:43:22";"100.30.0.10"
5;"º¿«√";"ca2e3710-0e95-4931-a807-cad70781f2cb";"train";"20220803-154233-24.jpg";"2022-08-03 15:43:22";"100.30.0.10"
5;"º¿«√";"ca2e3710-0e95-4931-a807-cad70781f2cb";"train";"20220803-154238-25.jpg";"2022-08-03 15:43:22";"100.30.0.10"
5;"º¿«√";"ca2e3710-0e95-4931-a807-cad70781f2cb";"train";"20220803-154243-26.jpg";"2022-08-03 15:43:22";"100.30.0.10"
5;"º¿«√";"ca2e3710-0e95-4931-a807-cad70781f2cb";"train";"20220803-154255-27.jpg";"2022-08-03 15:43:22";"100.30.0.10"
5;"º¿«√";"ca2e3710-0e95-4931-a807-cad70781f2cb";"train";"20220803-154303-28.jpg";"2022-08-03 15:43:22";"100.30.0.10"
5;"º¿«√";"ca2e3710-0e95-4931-a807-cad70781f2cb";"train";"20220803-154313-29.jpg";"2022-08-03 15:43:22";"100.30.0.10"
5;"º¿«√";"ca2e3710-0e95-4931-a807-cad70781f2cb";"train";"20220803-154318-30.jpg";"2022-08-03 15:43:22";"100.30.0.10"
